model,mae,rmse,mape,r2
Random Forest,7.587818671536795,9.372912988284378,8.464042923608554,0.8294126335547234
Gradient Boosting,7.653013382952576,10.061772968209679,8.465247324335156,0.8034166546539757
Baseline A - naive persistence,9.675,11.897618809380864,10.641333375671042,0.7251360429137821
Baseline B - moving average,23.091319444444448,29.97614396776087,23.446248871853783,-0.7448143550148405
