Model,Mean_MAE,Std_MAE,Mean_RMSE,Std_RMSE,Mean_MAPE,Std_MAPE
Random Forest + lag features,8.819898776836691,2.2460591373347647,10.885725332522485,2.759591595045286,8.745508470622706,2.4240933246201677
Gradient Boosting + lag features,9.523186781415204,4.30592156474245,11.754182517572957,5.0988320636058955,9.389623441667988,4.272704605622033
